url,is_phishing
http://password-reset.amazon.com.com,1
http://google.com.account-verify.com,1
https://apple-com,1
http://verify-dropbox.com.com,1
http://apple.com.account-verify.com,1
http://verify-youtube.com.com,1
http://password-reset.paypal.com.com,1
https://www.micr0s0ft.c0m,1
https://www.microsoft.com,1
http://verify-amazon.com.com,1
https://www.youtube.com,0
http://dropbox.com-secure-login.com,1
http://password-reset.facebook.com.com,1
http://password-reset.spotify.com.com,1
https://www.g00gle.c0m,1
http://apple.com,1
http://signin.facebook.com.phishing.com,1
http://facebook.com,1
http://google.com,1
http://secure-reddit.com.net,1
https://www.github.c0m,1
https://www.apple.c0m,1
http://signin.amazon.com.phishing.com,1
http://paypal.com.login.com,1
http://apple.com.security-check.com,1
http://apple.com.account-verify.com,1
http://password-reset.facebook.com.com,1
http://salesforce.com.login.com,1
https://www.adobe.com,1
https://www.google.com,0
https://www.apple.com,1
https://www.reddit.com,0
http://login.microsoft.com.suspicious.com,1
http://signin.facebook.com.phishing.com,1
https://www.microsoft.com,1
http://account-verification.netflix.com.net,1
https://www.adobe.com,1
http://secure-youtube.com.net,1
http://apple.com.login.com,1
https://www.adobe.com,0
https://www.goog1e.com,1
http://login.github.com.suspicious.com,1
https://www.apple.c0m,1
http://signin.wikipedia.org.phishing.com,1
http://google.com.account-verify.com,1
http://secure-salesforce.com.net,1
http://microsoft.com.account-verify.com,1
https://www.m1crosoft.com,1
http://login.instagram.com.suspicious.com,1
http://amazon.com,1
https://www.apple.c0m,1
http://signin.google.com.phishing.com,1
http://signin.google.com.phishing.com,1
http://facebook.com.security-check.com,1
http://login.adobe.com.suspicious.com,1
http://paypal.com-secure-login.com,1
http://verify-microsoft.com.com,1
http://apple.com-secure-login.com,1
http://account-verification.apple.com.net,1
http://secure-netflix.com.net,1
http://password-reset.microsoft.com.com,1
http://password-reset.ebay.com.com,1
http://microsoft.com,1
https://www.twitter.com,1
http://yahoo.com.account-verify.com,1
https://adobe-com,1
http://verify-salesforce.com.com,1
http://secure-amazon.com.net,1
http://account-verification.amazon.com.net,1
http://secure-wikipedia.org.net,1
http://signin.adobe.com.phishing.com,1
https://microsoft-com,1
http://password-reset.reddit.com.com,1
http://password-reset.twitter.com.com,1
https://instagram-com,1
http://signin.youtube.com.phishing.com,1
http://ebay.com.account-verify.com,1
http://signin.apple.com.phishing.com,1
https://google-com,1
https://www.micr0s0ft.c0m,1
https://www.facebook.com,1
https://www.paypal.com,0
http://instagram.com,1
http://microsoft.com.security-check.com,1
https://www.salesforce.com,0
http://adobe.com-secure-login.com,1
http://login.salesforce.com.suspicious.com,1
http://facebook.com-secure-login.com,1
https://facebook-com,1
https://www.w1k1ped1a.org,1
http://account-verification.facebook.com.net,1
http://account-verification.wikipedia.org.net,1
http://account-verification.yahoo.com.net,1
http://google.com,1
http://www.google.com/search,0
http://google.com.security-check.com,1
http://account-verification.linkedin.com.net,1
http://yahoo.com,1
http://secure-apple.com.net,1
http://account-verification.google.com.net,1
https://www.amaz0n.c0m,1
https://www.google.com,1
http://login.twitter.com.suspicious.com,1
http://verify-microsoft.com.com,1
http://reddit.com.security-check.com,1
http://account-verification.github.com.net,1
http://password-reset.amazon.com.com,1
https://amazon.com,0
https://www.facebook.com,1
https://www.facebook.com,1
http://linkedin.com.login.com,1
http://signin.apple.com.phishing.com,1
http://linkedin.com-secure-login.com,1
https://www.faceb00k.c0m,1
http://login.apple.com.suspicious.com,1
http://account-verification.facebook.com.net,1
http://youtube.com-secure-login.com,1
http://login.spotify.com.suspicious.com,1
http://account-verification.apple.com.net,1
https://apple.com,0
https://www.spotify.com,0
http://amazon.com.login.com,1
http://apple.com.login.com,1
http://microsoft.com-secure-login.com,1
https://www.google.com,1
http://microsoft.com.account-verify.com,1
https://linkedin-com,1
https://www.google.com,1
https://www.microsoft.com,1
https://microsoft-com,1
https://apple-com,1
http://login.google.com.suspicious.com,1
https://www.g1thub.com,1
https://microsoft.com,0
http://reddit.com.account-verify.com,1
http://secure-ebay.com.net,1
http://apple.com-secure-login.com,1
https://www.netflix.com,0
http://netflix.com-secure-login.com,1
https://www.faceb00k.c0m,1
https://www.dropbox.com,0
https://www.m1crosoft.com,1
http://amazon.com-secure-login.com,1
https://www.microsoft.com,0
https://www.amazon.com,1
https://www.amaz0n.c0m,1
http://login.netflix.com.suspicious.com,1
http://verify-adobe.com.com,1
http://signin.ebay.com.phishing.com,1
https://www.apple.com/iphone,0
http://account-verification.adobe.com.net,1
https://www.github.com,1
https://www.facebook.com/login,0
https://www.twitter.com,0
https://www.amazon.com,1
http://netflix.com,1
http://verify-google.com.com,1
http://verify-instagram.com.com,1
http://account-verification.amazon.com.net,1
http://password-reset.netflix.com.com,1
http://netflix.com.account-verify.com,1
http://signin.paypal.com.phishing.com,1
http://facebook.com.login.com,1
http://twitter.com.account-verify.com,1
http://facebook.com-secure-login.com,1
http://verify-microsoft.com.com,1
http://dropbox.com.security-check.com,1
https://www.paypal.c0m,1
https://reddit-com,1
http://secure-facebook.com.net,1
http://twitter.com.login.com,1
http://verify-facebook.com.com,1
http://verify-amazon.com.com,1
http://password-reset.github.com.com,1
http://youtube.com,1
https://www.amazon.com,1
https://www.reddit.c0m,1
https://www.yahoo.com,1
https://netflix-com,1
https://yahoo-com,1
http://signin.twitter.com.phishing.com,1
https://ebay-com,1
https://www.instagram.com,1
http://login.apple.com.suspicious.com,1
http://microsoft.com-secure-login.com,1
http://secure-microsoft.com.net,1
http://secure-amazon.com.net,1
https://www.y0utube.c0m,1
http://salesforce.com.security-check.com,1
https://www.wikipedia.0rg,1
http://amazon.com.security-check.com,1
http://account-verification.spotify.com.net,1
http://login.google.com.suspicious.com,1
http://yahoo.com.login.com,1
http://netflix.com.security-check.com,1
https://www.dropbox.com,1
https://www.amazon.com,1
http://signin.amazon.com.phishing.com,1
http://google.com-secure-login.com,1
http://login.ebay.com.suspicious.com,1
http://salesforce.com.account-verify.com,1
http://signin.amazon.com.phishing.com,1
http://amazon.com.account-verify.com,1
http://verify-google.com.com,1
http://google.com.login.com,1
https://www.redd1t.com,1
https://twitter-com,1
http://facebook.com.login.com,1
https://www.yah00.c0m,1
https://dropbox-com,1
http://login.dropbox.com.suspicious.com,1
http://facebook.com.security-check.com,1
http://netflix.com.login.com,1
http://password-reset.yahoo.com.com,1
http://microsoft.com,1
https://www.linkedin.com,0
https://www.facebook.com,1
http://google.com,1
http://secure-instagram.com.net,1
https://www.instagram.c0m,1
http://account-verification.youtube.com.net,1
https://microsoft-com,1
https://github-com,1
https://www.dropbox.com,1
https://www.github.com,0
http://verify-amazon.com.com,1
http://password-reset.apple.com.com,1
http://microsoft.com.login.com,1
http://secure-google.com.net,1
https://www.app1e.com,1
https://www.youtube.com,1
http://amazon.com.security-check.com,1
http://spotify.com.security-check.com,1
http://reddit.com,1
https://www.spot1fy.com,1
https://www.salesforce.com,1
http://amazon.com-secure-login.com,1
http://github.com.security-check.com,1
http://microsoft.com.security-check.com,1
http://twitter.com-secure-login.com,1
http://password-reset.instagram.com.com,1
http://verify-ebay.com.com,1
http://account-verification.twitter.com.net,1
https://www.amazon.com,0
https://www.app1e.com,1
http://google.com-secure-login.com,1
http://amazon.com.account-verify.com,1
https://www.micr0s0ft.c0m,1
http://linkedin.com,1
http://signin.facebook.com.phishing.com,1
http://apple.com.login.com,1
http://secure-twitter.com.net,1
http://yahoo.com.security-check.com,1
https://amazon-com,1
http://password-reset.google.com.com,1
http://verify-paypal.com.com,1
http://verify-apple.com.com,1
http://secure-microsoft.com.net,1
https://www.1inkedin.com,1
http://github.com,1
http://verify-reddit.com.com,1
http://ebay.com.login.com,1
http://spotify.com.account-verify.com,1
https://www.spotify.com,1
http://secure-google.com.net,1
https://spotify-com,1
http://microsoft.com.login.com,1
http://login.facebook.com.suspicious.com,1
http://login.linkedin.com.suspicious.com,1
http://spotify.com.login.com,1
http://password-reset.wikipedia.org.com,1
http://password-reset.apple.com.com,1
http://wikipedia.org.account-verify.com,1
http://linkedin.com.account-verify.com,1
https://www.g00gle.c0m,1
http://secure-dropbox.com.net,1
https://www.sa1esforce.com,1
http://password-reset.apple.com.com,1
http://signin.dropbox.com.phishing.com,1
http://account-verification.google.com.net,1
https://apple-com,1
http://secure-facebook.com.net,1
http://verify-facebook.com.com,1
http://verify-netflix.com.com,1
http://youtube.com.security-check.com,1
http://spotify.com-secure-login.com,1
http://facebook.com.account-verify.com,1
http://salesforce.com,1
http://microsoft.com-secure-login.com,1
https://www.facebook.com,1
http://secure-yahoo.com.net,1
http://password-reset.amazon.com.com,1
http://instagram.com.security-check.com,1
https://www.tw1tter.com,1
https://www.reddit.com,1
http://paypal.com,1
http://verify-yahoo.com.com,1
http://signin.netflix.com.phishing.com,1
https://www.linkedin.c0m,1
http://google.com.login.com,1
http://wikipedia.org.security-check.com,1
http://password-reset.microsoft.com.com,1
http://signin.salesforce.com.phishing.com,1
http://verify-linkedin.com.com,1
https://www.sp0tify.c0m,1
http://verify-apple.com.com,1
https://www.netf1ix.com,1
http://account-verification.facebook.com.net,1
http://adobe.com.security-check.com,1
http://password-reset.linkedin.com.com,1
http://apple.com,1
http://google.com.security-check.com,1
http://amazon.com.login.com,1
http://login.amazon.com.suspicious.com,1
http://password-reset.dropbox.com.com,1
http://signin.microsoft.com.phishing.com,1
https://www.ebay.com,1
http://github.com.login.com,1
http://instagram.com.account-verify.com,1
https://www.wikipedia.org,0
http://login.google.com.suspicious.com,1
https://www.microsoft.com/windows,0
http://login.youtube.com.suspicious.com,1
http://verify-twitter.com.com,1
http://microsoft.com.account-verify.com,1
https://www.app1e.com,1
http://wikipedia.org-secure-login.com,1
http://login.apple.com.suspicious.com,1
http://facebook.com.login.com,1
https://www.ebay.c0m,1
https://www.goog1e.com,1
http://login.amazon.com.suspicious.com,1
http://password-reset.youtube.com.com,1
http://google.com-secure-login.com,1
http://amazon.com.security-check.com,1
http://reddit.com-secure-login.com,1
http://account-verification.dropbox.com.net,1
http://ebay.com.security-check.com,1
http://secure-apple.com.net,1
https://www.apple.com,0
https://www.paypal.com,1
http://facebook.com-secure-login.com,1
http://signin.apple.com.phishing.com,1
https://www.yahoo.com,1
http://google.com.login.com,1
http://wikipedia.org,1
http://youtube.com.login.com,1
http://secure-apple.com.net,1
http://verify-spotify.com.com,1
http://login.wikipedia.org.suspicious.com,1
https://www.amazon.com,1
https://www.facebook.com,1
https://www.goog1e.com,1
http://account-verification.paypal.com.net,1
http://account-verification.salesforce.com.net,1
http://login.reddit.com.suspicious.com,1
http://facebook.com.account-verify.com,1
https://www.amazon.com/products,0
https://www.m1crosoft.com,1
http://login.yahoo.com.suspicious.com,1
http://login.paypal.com.suspicious.com,1
http://spotify.com,1
http://account-verification.instagram.com.net,1
https://google-com,1
http://twitter.com,1
https://www.amazon.com,1
https://www.twitter.c0m,1
http://secure-linkedin.com.net,1
http://microsoft.com.login.com,1
https://www.instagram.com,0
http://salesforce.com-secure-login.com,1
http://amazon.com.account-verify.com,1
https://amazon-com,1
https://www.ad0be.c0m,1
https://www.ebay.com,0
http://instagram.com.login.com,1
http://signin.google.com.phishing.com,1
http://login.amazon.com.suspicious.com,1
http://apple.com.security-check.com,1
http://wikipedia.org.login.com,1
http://dropbox.com.account-verify.com,1
http://account-verification.google.com.net,1
http://login.microsoft.com.suspicious.com,1
http://verify-google.com.com,1
http://yahoo.com-secure-login.com,1
http://account-verification.reddit.com.net,1
https://www.wikipedia.org,1
http://signin.spotify.com.phishing.com,1
http://amazon.com,1
http://ebay.com-secure-login.com,1
http://apple.com,1
https://amazon-com,1
http://adobe.com,1
http://login.facebook.com.suspicious.com,1
http://paypal.com.security-check.com,1
http://reddit.com.login.com,1
http://instagram.com-secure-login.com,1
http://password-reset.google.com.com,1
http://verify-wikipedia.org.com,1
http://signin.github.com.phishing.com,1
http://adobe.com.account-verify.com,1
https://paypal-com,1
https://www.netflix.c0m,1
http://secure-facebook.com.net,1
http://microsoft.com.security-check.com,1
https://www.facebook.com,0
https://facebook-com,1
http://account-verification.microsoft.com.net,1
https://facebook-com,1
http://login.microsoft.com.suspicious.com,1
http://signin.reddit.com.phishing.com,1
https://google-com,1
http://secure-paypal.com.net,1
http://amazon.com.login.com,1
https://www.apple.com,1
http://google.com.account-verify.com,1
http://microsoft.com,1
http://verify-facebook.com.com,1
https://www.faceb00k.c0m,1
http://paypal.com.account-verify.com,1
https://www.ebay.com,1
https://www.yahoo.com,0
https://www.salesf0rce.c0m,1
http://password-reset.microsoft.com.com,1
http://account-verification.microsoft.com.net,1
http://dropbox.com,1
https://www.youtube.com,1
http://password-reset.salesforce.com.com,1
http://verify-apple.com.com,1
http://linkedin.com.security-check.com,1
http://adobe.com.login.com,1
http://signin.microsoft.com.phishing.com,1
https://salesforce-com,1
http://ebay.com,1
http://facebook.com.account-verify.com,1
http://amazon.com,1
http://login.facebook.com.suspicious.com,1
http://youtube.com.account-verify.com,1
http://github.com.account-verify.com,1
http://apple.com-secure-login.com,1
http://verify-github.com.com,1
https://youtube-com,1
http://password-reset.facebook.com.com,1
http://facebook.com,1
http://google.com.security-check.com,1
http://signin.yahoo.com.phishing.com,1
http://account-verification.ebay.com.net,1
https://facebook.com,0
http://password-reset.adobe.com.com,1
http://signin.instagram.com.phishing.com,1
http://dropbox.com.login.com,1
http://secure-amazon.com.net,1
http://github.com-secure-login.com,1
http://signin.microsoft.com.phishing.com,1
http://secure-spotify.com.net,1
http://secure-google.com.net,1
http://password-reset.google.com.com,1
https://www.paypa1.com,1
http://secure-adobe.com.net,1
http://twitter.com.security-check.com,1
http://signin.linkedin.com.phishing.com,1
https://www.1nstagram.com,1
http://facebook.com.security-check.com,1
http://apple.com.account-verify.com,1
http://account-verification.amazon.com.net,1
http://account-verification.microsoft.com.net,1
http://secure-microsoft.com.net,1
https://www.g00gle.c0m,1
https://wikipedia-org,1
https://www.apple.com,1
https://www.l1nked1n.com,1
http://apple.com.security-check.com,1
http://google.com,0
http://secure-github.com.net,1
http://amazon.com-secure-login.com,1
https://www.netfl1x.com,1
https://www.dr0pb0x.c0m,1
http://facebook.com,1
https://www.amaz0n.c0m,1
http://account-verification.apple.com.net,1
